{"cameraMode":{"drawMode":0,"name":"Shaded","section":"Shading Mode"},"sceneLighting":true,"audioPlay":false,"sceneViewState":{"showFog":true,"showMaterialUpdate":false,"showSkybox":true,"showFlares":true,"showImageEffects":true,"showParticleSystems":true},"in2DMode":false,"pivot":{"x":-4.152090072631836,"y":-1.2095439434051514,"z":-16.06648063659668},"rotation":{"x":0.004531758837401867,"y":-0.9950606822967529,"z":0.08291303366422653,"w":0.05439813807606697},"size":23.29765510559082,"orthographic":false}