{"cameraMode":{"drawMode":0,"name":"Shaded","section":"Shading Mode"},"sceneLighting":true,"audioPlay":false,"sceneViewState":{"showFog":true,"showMaterialUpdate":false,"showSkybox":true,"showFlares":true,"showImageEffects":true,"showParticleSystems":true},"in2DMode":false,"pivot":{"x":-0.005122654139995575,"y":-0.13958649337291718,"z":0.5391453504562378},"rotation":{"x":0.22081351280212403,"y":0.11088693886995316,"z":-0.02527940645813942,"w":0.9686622023582459},"size":0.6326433420181274,"orthographic":false}