{"cameraMode":{"drawMode":0,"name":"Shaded","section":"Shading Mode"},"sceneLighting":true,"audioPlay":false,"sceneViewState":{"showFog":true,"showMaterialUpdate":false,"showSkybox":true,"showFlares":true,"showImageEffects":true,"showParticleSystems":true},"in2DMode":false,"pivot":{"x":4.343423843383789,"y":0.05073412135243416,"z":3.5558462142944338},"rotation":{"x":-0.22198915481567384,"y":-0.1631985753774643,"z":0.037713050842285159,"w":-0.9605544209480286},"size":34.1005859375,"orthographic":false}