{"cameraMode":{"drawMode":0,"name":"Shaded","section":"Shading Mode"},"sceneLighting":true,"audioPlay":false,"sceneViewState":{"showFog":true,"showMaterialUpdate":false,"showSkybox":true,"showFlares":true,"showImageEffects":true,"showParticleSystems":true},"in2DMode":false,"pivot":{"x":1.0299510955810547,"y":-0.639397382736206,"z":3.5036373138427736},"rotation":{"x":0.11665765196084976,"y":0.03574629873037338,"z":-0.004201490897685289,"w":0.9925197958946228},"size":4.516660690307617,"orthographic":false}