{"cameraMode":{"drawMode":0,"name":"Shaded","section":"Shading Mode"},"sceneLighting":true,"audioPlay":false,"sceneViewState":{"showFog":true,"showMaterialUpdate":false,"showSkybox":true,"showFlares":true,"showImageEffects":true,"showParticleSystems":true},"in2DMode":false,"pivot":{"x":-0.05260524898767471,"y":0.07157526165246964,"z":0.5220656394958496},"rotation":{"x":-0.07035505026578903,"y":-0.10544081032276154,"z":0.007478801067918539,"w":-0.9919055104255676},"size":0.3571576476097107,"orthographic":false}