{"cameraMode":{"drawMode":0,"name":"Shaded","section":"Shading Mode"},"sceneLighting":true,"audioPlay":false,"sceneViewState":{"showFog":true,"showMaterialUpdate":true,"showSkybox":true,"showFlares":true,"showImageEffects":true,"showParticleSystems":true},"in2DMode":false,"pivot":{"x":-1.5667965412139893,"y":1.128888487815857,"z":9.08888053894043},"rotation":{"x":-0.02730894833803177,"y":0.005414742510765791,"z":-0.00014740898041054606,"w":-0.9996123909950256},"size":0.9273833632469177,"orthographic":false}