{"cameraMode":{"drawMode":0,"name":"Shaded","section":"Shading Mode"},"sceneLighting":false,"audioPlay":false,"sceneViewState":{"showFog":true,"showMaterialUpdate":true,"showSkybox":false,"showFlares":true,"showImageEffects":true,"showParticleSystems":true},"in2DMode":false,"pivot":{"x":0.0,"y":-0.0006499998271465302,"z":0.6194999814033508},"rotation":{"x":-0.02730894833803177,"y":0.005414742510765791,"z":-0.00014740898041054606,"w":-0.9996123909950256},"size":0.7323336005210877,"orthographic":false}